{"_timestamp":1.7287396299043376e+09,"_runtime":0.487858878,"_step":7,"_wandb":{"runtime":0},"acc":0.8298653079016861,"loss":0.13586656130425145}